<?xml version="1.0" encoding="UTF-8"?>
<!DOCTYPE suite SYSTEM "https://testng.org/testng-1.0.dtd">
<suite name="week5day2AssignmentSheetwise" verbose="10">
<parameter name="URL" value="http://leaftaps.com/opentaps/"/>
  <test thread-count="5" name="Test">
    <classes>
      <class name="week5.day2.Assignmentfinal.MergeLead"/>
      <class name="week5.day2.Assignmentfinal.DuplicateLead"/>
      <class name="week5.day2.Assignmentfinal.EditLead"/>
      <class name="week5.day2.Assignmentfinal.DeleteLead"/>
      <class name="week5.day2.Assignmentfinal.CreateLead"/>
    </classes>
  </test> <!-- Test -->
</suite> <!-- week5day2AssignmentSheetwise -->
