<?xml version="1.0" encoding="UTF-8"?>
<!DOCTYPE suite SYSTEM "https://testng.org/testng-1.0.dtd">
<suite name="week5day2Assignments" verbose="10">
	<parameter name="URL" value="http://leaftaps.com/opentaps/" />
	<test thread-count="5" name="Test">
		<classes>

			<class name="week5day2.Assignments.CreateLead" />
			<class name="week5day2.Assignments.MergeLead" />
			<class name="week5day2.Assignments.EditLead" />
			<class name="week5day2.Assignments.testcase" />
			<class name="week5day2.Assignments.DuplicateLead" />
			<class name="week5day2.Assignments.DeleteLead" />
		</classes>
	</test> <!-- Test -->
</suite> <!-- week5day2Assignments -->
